Z,29.csv,0,0.9976558823529413,0.0010970954102083863,-0.6046101337538021,1,3,3
Z,29.csv,0,0.9976558823529413,0.0010970954102083863,0.7396153756372561,4,5,5
Z,29.csv,0,0.9976558823529413,0.0010970954102083863,0.9354108337800138,6,5,5
Z,29.csv,0,0.9976558823529413,0.0010970954102083863,0.4088146756110445,4,4,4
Z,29.csv,0,0.9976558823529413,0.0010970954102083863,0.13627155853701484,4,4,3
Z,29.csv,0,0.9976558823529413,0.0010970954102083863,0.4088146756110445,4,4,4
Z,29.csv,0,0.9976558823529413,0.0010970954102083863,0.4088146756110445,4,4,4
Z,29.csv,0,0.9976558823529413,0.0010970954102083863,0.4088146756110445,4,4,4
Z,29.csv,0,0.9976558823529413,0.0010970954102083863,0.4088146756110445,4,4,4
Z,29.csv,0,0.9976558823529413,0.0010970954102083863,0.7396153756372561,4,5,5
Z,29.csv,0,0.9976558823529413,0.0010970954102083863,0.9050157256503619,5,5,5
Z,29.csv,1,-0.029961352941176477,0.005663456302223691,0.770010483766908,5,6,4
Z,29.csv,1,-0.029961352941176477,0.005663456302223691,-0.4088146756110445,3,3,3
Z,29.csv,1,-0.029961352941176477,0.005663456302223691,-0.4088146756110445,3,3,3
Z,29.csv,1,-0.029961352941176477,0.005663456302223691,-0.4088146756110445,3,3,3
Z,29.csv,1,-0.029961352941176477,0.005663456302223691,0.13627155853701484,3,4,4
Z,29.csv,1,-0.029961352941176477,0.005663456302223691,0.4088146756110445,4,4,4
Z,29.csv,1,-0.029961352941176477,0.005663456302223691,-0.4088146756110445,3,3,3
Z,29.csv,1,-0.029961352941176477,0.005663456302223691,-0.5742150256241504,3,3,2
Z,29.csv,1,-0.029961352941176477,0.005663456302223691,-0.9354108337800139,1,2,2
Z,29.csv,1,-0.029961352941176477,0.005663456302223691,-0.905015725650362,2,2,2
Z,29.csv,1,-0.029961352941176477,0.005663456302223691,-0.4088146756110445,3,3,3
Z,29.csv,2,0.016167310588235295,0.007297320640573957,-0.770010483766908,2,3,1
Z,29.csv,2,0.016167310588235295,0.007297320640573957,-0.5742150256241504,2,3,3
Z,29.csv,2,0.016167310588235295,0.007297320640573957,-0.4088146756110445,3,3,3
Z,29.csv,2,0.016167310588235295,0.007297320640573957,0.4088146756110445,4,4,4
Z,29.csv,2,0.016167310588235295,0.007297320640573957,0.4088146756110445,4,4,4
Z,29.csv,2,0.016167310588235295,0.007297320640573957,0.4088146756110445,4,4,4
Z,29.csv,2,0.016167310588235295,0.007297320640573957,0.770010483766908,4,5,6
Z,29.csv,2,0.016167310588235295,0.007297320640573957,0.5742150256241503,5,4,4
Z,29.csv,2,0.016167310588235295,0.007297320640573957,0.4088146756110445,4,4,4
Z,29.csv,2,0.016167310588235295,0.007297320640573957,0.4088146756110445,4,4,4
Z,29.csv,2,0.016167310588235295,0.007297320640573957,0.13627155853701484,4,4,3
Z,29.csv,3,-0.006879789117647059,0.0036173980955152645,0.9354108337800138,6,5,5
Z,29.csv,3,-0.006879789117647059,0.0036173980955152645,0.4088146756110445,4,4,4
Z,29.csv,3,-0.006879789117647059,0.0036173980955152645,-0.13627155853701484,4,3,3
Z,29.csv,3,-0.006879789117647059,0.0036173980955152645,-0.4088146756110445,3,3,3
Z,29.csv,3,-0.006879789117647059,0.0036173980955152645,-0.5742150256241504,3,3,2
Z,29.csv,3,-0.006879789117647059,0.0036173980955152645,-0.9354108337800139,2,1,2
Z,29.csv,3,-0.006879789117647059,0.0036173980955152645,-0.905015725650362,2,2,2
Z,29.csv,3,-0.006879789117647059,0.0036173980955152645,-0.5742150256241504,2,3,3
Z,29.csv,3,-0.006879789117647059,0.0036173980955152645,-0.4088146756110445,3,3,3
Z,29.csv,3,-0.006879789117647059,0.0036173980955152645,-0.4088146756110445,3,3,3
Z,29.csv,3,-0.006879789117647059,0.0036173980955152645,-0.4088146756110445,3,3,3
Z,29.csv,4,0.006920610294117647,0.015911089520842428,-0.8004055918965598,1,1,3
Z,29.csv,4,0.006920610294117647,0.015911089520842428,-0.4088146756110445,3,3,3
Z,29.csv,4,0.006920610294117647,0.015911089520842428,0.4088146756110445,4,4,4
Z,29.csv,4,0.006920610294117647,0.015911089520842428,0.4088146756110445,4,4,4
Z,29.csv,4,0.006920610294117647,0.015911089520842428,0.4088146756110445,4,4,4
Z,29.csv,4,0.006920610294117647,0.015911089520842428,0.5742150256241503,4,4,5
Z,29.csv,4,0.006920610294117647,0.015911089520842428,0.9050157256503619,5,5,5
Z,29.csv,4,0.006920610294117647,0.015911089520842428,0.9658059419096656,6,6,5
Z,29.csv,4,0.006920610294117647,0.015911089520842428,0.5742150256241503,5,4,4
Z,29.csv,4,0.006920610294117647,0.015911089520842428,0.4088146756110445,4,4,4
Z,29.csv,4,0.006920610294117647,0.015911089520842428,0.4088146756110445,4,4,4
Z,29.csv,5,0.015040457647058822,0.013293829531253137,-0.8004055918965598,1,1,3
Z,29.csv,5,0.015040457647058822,0.013293829531253137,-0.4088146756110445,3,3,3
Z,29.csv,5,0.015040457647058822,0.013293829531253137,0.4088146756110445,4,4,4
Z,29.csv,5,0.015040457647058822,0.013293829531253137,0.4088146756110445,4,4,4
Z,29.csv,5,0.015040457647058822,0.013293829531253137,0.4088146756110445,4,4,4
Z,29.csv,5,0.015040457647058822,0.013293829531253137,0.7396153756372561,4,5,5
Z,29.csv,5,0.015040457647058822,0.013293829531253137,0.9354108337800138,5,5,6
Z,29.csv,5,0.015040457647058822,0.013293829531253137,0.9354108337800138,5,5,6
Z,29.csv,5,0.015040457647058822,0.013293829531253137,0.9354108337800138,6,5,5
Z,29.csv,5,0.015040457647058822,0.013293829531253137,0.9050157256503619,5,5,5
Z,29.csv,5,0.015040457647058822,0.013293829531253137,0.5742150256241503,5,4,4
Z,29.csv,6,-0.0071846147058823515,0.0012318773635802325,0.770010483766908,5,6,4
Z,29.csv,6,-0.0071846147058823515,0.0012318773635802325,0.4088146756110445,4,4,4
Z,29.csv,6,-0.0071846147058823515,0.0012318773635802325,0.4088146756110445,4,4,4
Z,29.csv,6,-0.0071846147058823515,0.0012318773635802325,-0.13627155853701484,4,3,3
Z,29.csv,6,-0.0071846147058823515,0.0012318773635802325,-0.4088146756110445,3,3,3
Z,29.csv,6,-0.0071846147058823515,0.0012318773635802325,-0.5742150256241504,3,3,2
Z,29.csv,6,-0.0071846147058823515,0.0012318773635802325,-0.905015725650362,2,2,2
Z,29.csv,6,-0.0071846147058823515,0.0012318773635802325,-0.9658059419096656,2,1,1
Z,29.csv,6,-0.0071846147058823515,0.0012318773635802325,-0.9354108337800139,1,2,2
Z,29.csv,6,-0.0071846147058823515,0.0012318773635802325,-0.5742150256241504,2,3,3
Z,29.csv,6,-0.0071846147058823515,0.0012318773635802325,-0.4088146756110445,3,3,3
Z,29.csv,7,-0.0020634411764705886,0.0003880204627090804,0.4088146756110445,4,4,4
Z,29.csv,7,-0.0020634411764705886,0.0003880204627090804,0.4088146756110445,4,4,4
Z,29.csv,7,-0.0020634411764705886,0.0003880204627090804,0.13627155853701484,4,4,3
Z,29.csv,7,-0.0020634411764705886,0.0003880204627090804,-0.4088146756110445,3,3,3
Z,29.csv,7,-0.0020634411764705886,0.0003880204627090804,-0.4088146756110445,3,3,3
Z,29.csv,7,-0.0020634411764705886,0.0003880204627090804,-0.13627155853701484,3,3,4
Z,29.csv,7,-0.0020634411764705886,0.0003880204627090804,0.4088146756110445,4,4,4
Z,29.csv,7,-0.0020634411764705886,0.0003880204627090804,0.770010483766908,6,4,5
Z,29.csv,7,-0.0020634411764705886,0.0003880204627090804,0.7396153756372561,5,5,4
Z,29.csv,7,-0.0020634411764705886,0.0003880204627090804,0.4088146756110445,4,4,4
Z,29.csv,7,-0.0020634411764705886,0.0003880204627090804,-0.13627155853701484,4,3,3
Z,29.csv,8,0.014210379705882353,0.013406183400639836,0.30167190855012066,5,6,1
Z,29.csv,8,0.014210379705882353,0.013406183400639836,-0.4088146756110445,3,3,3
Z,29.csv,8,0.014210379705882353,0.013406183400639836,-0.13627155853701484,3,3,4
Z,29.csv,8,0.014210379705882353,0.013406183400639836,0.4088146756110445,4,4,4
Z,29.csv,8,0.014210379705882353,0.013406183400639836,0.4088146756110445,4,4,4
Z,29.csv,8,0.014210379705882353,0.013406183400639836,0.4088146756110445,4,4,4
Z,29.csv,8,0.014210379705882353,0.013406183400639836,0.4088146756110445,4,4,4
Z,29.csv,8,0.014210379705882353,0.013406183400639836,0.4088146756110445,4,4,4
Z,29.csv,8,0.014210379705882353,0.013406183400639836,0.4088146756110445,4,4,4
Z,29.csv,8,0.014210379705882353,0.013406183400639836,0.4088146756110445,4,4,4
Z,29.csv,8,0.014210379705882353,0.013406183400639836,0.13627155853701484,4,4,3
Z,29.csv,9,-0.14744911764705887,0.12269822883999128,0.6046101337538021,6,4,4
Z,29.csv,9,-0.14744911764705887,0.12269822883999128,0.4088146756110445,4,4,4
Z,29.csv,9,-0.14744911764705887,0.12269822883999128,-0.4088146756110445,3,3,3
Z,29.csv,9,-0.14744911764705887,0.12269822883999128,-0.4088146756110445,3,3,3
Z,29.csv,9,-0.14744911764705887,0.12269822883999128,-0.4088146756110445,3,3,3
Z,29.csv,9,-0.14744911764705887,0.12269822883999128,-0.5742150256241504,3,3,2
Z,29.csv,9,-0.14744911764705887,0.12269822883999128,-0.905015725650362,2,2,2
Z,29.csv,9,-0.14744911764705887,0.12269822883999128,-0.9354108337800139,1,2,2
Z,29.csv,9,-0.14744911764705887,0.12269822883999128,-0.4088146756110445,3,3,3
Z,29.csv,9,-0.14744911764705887,0.12269822883999128,0.4088146756110445,4,4,4
Z,29.csv,9,-0.14744911764705887,0.12269822883999128,0.4088146756110445,4,4,4
Z,29.csv,10,0.0004900401872352942,0.0011090486533630857,-0.9658059419096656,1,1,2
Z,29.csv,10,0.0004900401872352942,0.0011090486533630857,-0.905015725650362,2,2,2
Z,29.csv,10,0.0004900401872352942,0.0011090486533630857,-0.905015725650362,2,2,2
Z,29.csv,10,0.0004900401872352942,0.0011090486533630857,-0.905015725650362,2,2,2
Z,29.csv,10,0.0004900401872352942,0.0011090486533630857,-0.905015725650362,2,2,2
Z,29.csv,10,0.0004900401872352942,0.0011090486533630857,-0.905015725650362,2,2,2
Z,29.csv,10,0.0004900401872352942,0.0011090486533630857,-0.905015725650362,2,2,2
Z,29.csv,10,0.0004900401872352942,0.0011090486533630857,-0.905015725650362,2,2,2
Z,29.csv,10,0.0004900401872352942,0.0011090486533630857,-0.905015725650362,2,2,2
Z,29.csv,10,0.0004900401872352942,0.0011090486533630857,0.33206701667977245,2,5,6
Z,29.csv,10,0.0004900401872352942,0.0011090486533630857,0.5742150256241503,5,4,4
Z,29.csv,11,0.007856998235294118,0.05113543161392899,-0.49746736669287833,4,1,2
Z,29.csv,11,0.007856998235294118,0.05113543161392899,-0.4088146756110445,3,3,3
Z,29.csv,11,0.007856998235294118,0.05113543161392899,-0.7396153756372562,3,2,2
Z,29.csv,11,0.007856998235294118,0.05113543161392899,-0.4088146756110445,3,3,3
Z,29.csv,11,0.007856998235294118,0.05113543161392899,-0.4088146756110445,3,3,3
Z,29.csv,11,0.007856998235294118,0.05113543161392899,-0.4088146756110445,3,3,3
Z,29.csv,11,0.007856998235294118,0.05113543161392899,-0.4088146756110445,3,3,3
Z,29.csv,11,0.007856998235294118,0.05113543161392899,0.3320670166797725,3,6,4
Z,29.csv,11,0.007856998235294118,0.05113543161392899,0.5742150256241503,5,4,4
Z,29.csv,11,0.007856998235294118,0.05113543161392899,-0.13627155853701484,4,3,3
Z,29.csv,11,0.007856998235294118,0.05113543161392899,-0.4088146756110445,3,3,3
Z,29.csv,12,-3.646166970588235e-08,3.902272947101234e-08,0.4088146756110445,4,4,4
Z,29.csv,12,-3.646166970588235e-08,3.902272947101234e-08,0.13627155853701484,4,4,3
Z,29.csv,12,-3.646166970588235e-08,3.902272947101234e-08,0.6046101337538021,4,6,4
Z,29.csv,12,-3.646166970588235e-08,3.902272947101234e-08,-0.4088146756110445,3,3,3
Z,29.csv,12,-3.646166970588235e-08,3.902272947101234e-08,-0.4088146756110445,3,3,3
Z,29.csv,12,-3.646166970588235e-08,3.902272947101234e-08,-0.4088146756110445,3,3,3
Z,29.csv,12,-3.646166970588235e-08,3.902272947101234e-08,-0.5742150256241504,3,2,3
Z,29.csv,12,-3.646166970588235e-08,3.902272947101234e-08,-0.6046101337538021,3,1,3
Z,29.csv,12,-3.646166970588235e-08,3.902272947101234e-08,0.4088146756110445,4,4,4
Z,29.csv,12,-3.646166970588235e-08,3.902272947101234e-08,0.4088146756110445,4,4,4
Z,29.csv,12,-3.646166970588235e-08,3.902272947101234e-08,0.4088146756110445,4,4,4
Z,29.csv,13,-0.04782676470588236,0.002739949109218502,0.9354108337800138,6,5,5
Z,29.csv,13,-0.04782676470588236,0.002739949109218502,0.4088146756110445,4,4,4
Z,29.csv,13,-0.04782676470588236,0.002739949109218502,-0.4088146756110445,3,3,3
Z,29.csv,13,-0.04782676470588236,0.002739949109218502,-0.4088146756110445,3,3,3
Z,29.csv,13,-0.04782676470588236,0.002739949109218502,-0.9658059419096656,2,1,1
Z,29.csv,13,-0.04782676470588236,0.002739949109218502,-0.905015725650362,2,2,2
Z,29.csv,13,-0.04782676470588236,0.002739949109218502,-0.905015725650362,2,2,2
Z,29.csv,13,-0.04782676470588236,0.002739949109218502,-0.4088146756110445,3,3,3
Z,29.csv,13,-0.04782676470588236,0.002739949109218502,-0.4088146756110445,3,3,3
Z,29.csv,13,-0.04782676470588236,0.002739949109218502,-0.4088146756110445,3,3,3
Z,29.csv,13,-0.04782676470588236,0.002739949109218502,-0.4088146756110445,3,3,3
Z,29.csv,14,0.00229095,0.00020415717164795882,-0.770010483766908,1,2,3
Z,29.csv,14,0.00229095,0.00020415717164795882,-0.4088146756110445,3,3,3
Z,29.csv,14,0.00229095,0.00020415717164795882,-0.4088146756110445,3,3,3
Z,29.csv,14,0.00229095,0.00020415717164795882,-0.7396153756372562,3,2,2
Z,29.csv,14,0.00229095,0.00020415717164795882,-0.5742150256241504,2,3,3
Z,29.csv,14,0.00229095,0.00020415717164795882,-0.13627155853701484,3,3,4
Z,29.csv,14,0.00229095,0.00020415717164795882,0.4088146756110445,4,4,4
Z,29.csv,14,0.00229095,0.00020415717164795882,0.770010483766908,6,5,4
Z,29.csv,14,0.00229095,0.00020415717164795882,0.9050157256503619,5,5,5
Z,29.csv,14,0.00229095,0.00020415717164795882,0.5742150256241503,5,4,4
Z,29.csv,14,0.00229095,0.00020415717164795882,0.4088146756110445,4,4,4
Z,29.csv,15,0.020148647058823528,0.002621365448885179,-0.13627155853701484,3,3,4
Z,29.csv,15,0.020148647058823528,0.002621365448885179,0.770010483766908,4,5,6
Z,29.csv,15,0.020148647058823528,0.002621365448885179,0.9050157256503619,5,5,5
Z,29.csv,15,0.020148647058823528,0.002621365448885179,0.4088146756110445,4,4,4
Z,29.csv,15,0.020148647058823528,0.002621365448885179,-0.4088146756110445,3,3,3
Z,29.csv,15,0.020148647058823528,0.002621365448885179,-0.7396153756372562,3,2,2
Z,29.csv,15,0.020148647058823528,0.002621365448885179,-0.9658059419096656,1,1,2
Z,29.csv,15,0.020148647058823528,0.002621365448885179,-0.905015725650362,2,2,2
Z,29.csv,15,0.020148647058823528,0.002621365448885179,-0.4088146756110445,3,3,3
Z,29.csv,15,0.020148647058823528,0.002621365448885179,-0.4088146756110445,3,3,3
Z,29.csv,15,0.020148647058823528,0.002621365448885179,-0.4088146756110445,3,3,3
Z,29.csv,16,-4.296546470588234e-08,3.13510959603055e-08,0.5742150256241503,4,4,5
Z,29.csv,16,-4.296546470588234e-08,3.13510959603055e-08,0.4088146756110445,4,4,4
Z,29.csv,16,-4.296546470588234e-08,3.13510959603055e-08,0.6046101337538021,4,6,4
Z,29.csv,16,-4.296546470588234e-08,3.13510959603055e-08,-0.13627155853701484,3,4,3
Z,29.csv,16,-4.296546470588234e-08,3.13510959603055e-08,-0.13627155853701484,3,4,3
Z,29.csv,16,-4.296546470588234e-08,3.13510959603055e-08,-0.6046101337538021,3,3,1
Z,29.csv,16,-4.296546470588234e-08,3.13510959603055e-08,-0.4088146756110445,3,3,3
Z,29.csv,16,-4.296546470588234e-08,3.13510959603055e-08,-0.4088146756110445,3,3,3
Z,29.csv,16,-4.296546470588234e-08,3.13510959603055e-08,0.13627155853701484,3,4,4
Z,29.csv,16,-4.296546470588234e-08,3.13510959603055e-08,0.4088146756110445,4,4,4
Z,29.csv,16,-4.296546470588234e-08,3.13510959603055e-08,-0.4088146756110445,3,3,3
Z,29.csv,17,0.05671335294117648,0.01555634862435563,-0.770010483766908,1,2,3
Z,29.csv,17,0.05671335294117648,0.01555634862435563,-0.13627155853701484,3,3,4
Z,29.csv,17,0.05671335294117648,0.01555634862435563,0.4088146756110445,4,4,4
Z,29.csv,17,0.05671335294117648,0.01555634862435563,0.4088146756110445,4,4,4
Z,29.csv,17,0.05671335294117648,0.01555634862435563,0.7396153756372561,4,5,5
Z,29.csv,17,0.05671335294117648,0.01555634862435563,0.9658059419096656,5,6,6
Z,29.csv,17,0.05671335294117648,0.01555634862435563,0.9354108337800138,6,5,5
Z,29.csv,17,0.05671335294117648,0.01555634862435563,0.9050157256503619,5,5,5
Z,29.csv,17,0.05671335294117648,0.01555634862435563,0.4088146756110445,4,4,4
Z,29.csv,17,0.05671335294117648,0.01555634862435563,0.4088146756110445,4,4,4
Z,29.csv,17,0.05671335294117648,0.01555634862435563,0.4088146756110445,4,4,4
Z,29.csv,18,0.001652594117647059,0.0005079926284441864,0.770010483766908,6,5,4
Z,29.csv,18,0.001652594117647059,0.0005079926284441864,0.13627155853701484,4,4,3
Z,29.csv,18,0.001652594117647059,0.0005079926284441864,-0.4088146756110445,3,3,3
Z,29.csv,18,0.001652594117647059,0.0005079926284441864,-0.5742150256241504,3,3,2
Z,29.csv,18,0.001652594117647059,0.0005079926284441864,-0.770010483766908,3,1,2
Z,29.csv,18,0.001652594117647059,0.0005079926284441864,-0.905015725650362,2,2,2
Z,29.csv,18,0.001652594117647059,0.0005079926284441864,-0.905015725650362,2,2,2
Z,29.csv,18,0.001652594117647059,0.0005079926284441864,-0.905015725650362,2,2,2
Z,29.csv,18,0.001652594117647059,0.0005079926284441864,-0.905015725650362,2,2,2
Z,29.csv,18,0.001652594117647059,0.0005079926284441864,-0.7396153756372562,2,2,3
Z,29.csv,18,0.001652594117647059,0.0005079926284441864,-0.4088146756110445,3,3,3
Z,29.csv,19,0.04884620588235294,0.0029116767534250747,0.4088146756110445,4,4,4
Z,29.csv,19,0.04884620588235294,0.0029116767534250747,0.770010483766908,6,5,4
Z,29.csv,19,0.04884620588235294,0.0029116767534250747,0.4088146756110445,4,4,4
Z,29.csv,19,0.04884620588235294,0.0029116767534250747,0.13627155853701484,4,4,3
Z,29.csv,19,0.04884620588235294,0.0029116767534250747,-0.4088146756110445,3,3,3
Z,29.csv,19,0.04884620588235294,0.0029116767534250747,-0.5742150256241504,3,3,2
Z,29.csv,19,0.04884620588235294,0.0029116767534250747,-0.9354108337800139,2,1,2
Z,29.csv,19,0.04884620588235294,0.0029116767534250747,-0.905015725650362,2,2,2
Z,29.csv,19,0.04884620588235294,0.0029116767534250747,-0.4088146756110445,3,3,3
Z,29.csv,19,0.04884620588235294,0.0029116767534250747,-0.4088146756110445,3,3,3
Z,29.csv,19,0.04884620588235294,0.0029116767534250747,-0.4088146756110445,3,3,3
X,29.csv,0,0.010079020588235291,0.04180540579742669,-0.770010483766908,1,2,3
X,29.csv,0,0.010079020588235291,0.04180540579742669,0.13627155853701484,3,4,4
X,29.csv,0,0.010079020588235291,0.04180540579742669,0.4088146756110445,4,4,4
X,29.csv,0,0.010079020588235291,0.04180540579742669,0.5742150256241503,4,4,5
X,29.csv,0,0.010079020588235291,0.04180540579742669,0.9354108337800138,5,5,6
X,29.csv,0,0.010079020588235291,0.04180540579742669,0.9050157256503619,5,5,5
X,29.csv,0,0.010079020588235291,0.04180540579742669,0.7396153756372561,5,5,4
X,29.csv,0,0.010079020588235291,0.04180540579742669,0.4088146756110445,4,4,4
X,29.csv,0,0.010079020588235291,0.04180540579742669,0.4088146756110445,4,4,4
X,29.csv,0,0.010079020588235291,0.04180540579742669,0.4088146756110445,4,4,4
X,29.csv,0,0.010079020588235291,0.04180540579742669,0.4088146756110445,4,4,4
X,29.csv,1,0.9810417647058822,0.009295225362134693,0.9658059419096656,6,6,5
X,29.csv,1,0.9810417647058822,0.009295225362134693,0.7396153756372561,5,5,4
X,29.csv,1,0.9810417647058822,0.009295225362134693,0.4088146756110445,4,4,4
X,29.csv,1,0.9810417647058822,0.009295225362134693,0.13627155853701484,4,4,3
X,29.csv,1,0.9810417647058822,0.009295225362134693,-0.4088146756110445,3,3,3
X,29.csv,1,0.9810417647058822,0.009295225362134693,-0.4088146756110445,3,3,3
X,29.csv,1,0.9810417647058822,0.009295225362134693,-0.5742150256241504,3,3,2
X,29.csv,1,0.9810417647058822,0.009295225362134693,-0.905015725650362,2,2,2
X,29.csv,1,0.9810417647058822,0.009295225362134693,-0.9354108337800139,1,2,2
X,29.csv,1,0.9810417647058822,0.009295225362134693,-0.905015725650362,2,2,2
X,29.csv,1,0.9810417647058822,0.009295225362134693,-0.905015725650362,2,2,2
X,29.csv,2,0.9667261764705882,0.015141311625270923,0.9658059419096656,6,6,5
X,29.csv,2,0.9667261764705882,0.015141311625270923,0.5742150256241503,5,4,4
X,29.csv,2,0.9667261764705882,0.015141311625270923,0.4088146756110445,4,4,4
X,29.csv,2,0.9667261764705882,0.015141311625270923,-0.13627155853701484,4,3,3
X,29.csv,2,0.9667261764705882,0.015141311625270923,-0.4088146756110445,3,3,3
X,29.csv,2,0.9667261764705882,0.015141311625270923,-0.4088146756110445,3,3,3
X,29.csv,2,0.9667261764705882,0.015141311625270923,-0.9354108337800139,2,2,1
X,29.csv,2,0.9667261764705882,0.015141311625270923,-0.905015725650362,2,2,2
X,29.csv,2,0.9667261764705882,0.015141311625270923,-0.905015725650362,2,2,2
X,29.csv,2,0.9667261764705882,0.015141311625270923,-0.905015725650362,2,2,2
X,29.csv,2,0.9667261764705882,0.015141311625270923,-0.7396153756372562,2,2,3
X,29.csv,3,0.9888591176470588,0.0036652119492899746,0.9354108337800138,6,5,5
X,29.csv,3,0.9888591176470588,0.0036652119492899746,0.4088146756110445,4,4,4
X,29.csv,3,0.9888591176470588,0.0036652119492899746,0.4088146756110445,4,4,4
X,29.csv,3,0.9888591176470588,0.0036652119492899746,-0.13627155853701484,4,3,3
X,29.csv,3,0.9888591176470588,0.0036652119492899746,-0.4088146756110445,3,3,3
X,29.csv,3,0.9888591176470588,0.0036652119492899746,-0.770010483766908,3,1,2
X,29.csv,3,0.9888591176470588,0.0036652119492899746,-0.9354108337800139,1,2,2
X,29.csv,3,0.9888591176470588,0.0036652119492899746,-0.905015725650362,2,2,2
X,29.csv,3,0.9888591176470588,0.0036652119492899746,-0.7396153756372562,2,2,3
X,29.csv,3,0.9888591176470588,0.0036652119492899746,-0.4088146756110445,3,3,3
X,29.csv,3,0.9888591176470588,0.0036652119492899746,-0.4088146756110445,3,3,3
X,29.csv,4,0.4256270588235294,0.0033720412123395284,0.9354108337800138,6,5,5
X,29.csv,4,0.4256270588235294,0.0033720412123395284,0.4088146756110445,4,4,4
X,29.csv,4,0.4256270588235294,0.0033720412123395284,0.4088146756110445,4,4,4
X,29.csv,4,0.4256270588235294,0.0033720412123395284,0.13627155853701484,4,3,4
X,29.csv,4,0.4256270588235294,0.0033720412123395284,-0.13627155853701484,4,3,3
X,29.csv,4,0.4256270588235294,0.0033720412123395284,-0.4088146756110445,3,3,3
X,29.csv,4,0.4256270588235294,0.0033720412123395284,-0.9354108337800139,2,2,1
X,29.csv,4,0.4256270588235294,0.0033720412123395284,-0.770010483766908,1,2,3
X,29.csv,4,0.4256270588235294,0.0033720412123395284,-0.4088146756110445,3,3,3
X,29.csv,4,0.4256270588235294,0.0033720412123395284,-0.13627155853701484,3,3,4
X,29.csv,4,0.4256270588235294,0.0033720412123395284,0.4088146756110445,4,4,4
X,29.csv,5,0.9398023529411766,0.0015025450151297704,0.770010483766908,5,6,4
X,29.csv,5,0.9398023529411766,0.0015025450151297704,0.4088146756110445,4,4,4
X,29.csv,5,0.9398023529411766,0.0015025450151297704,-0.5742150256241504,3,3,2
X,29.csv,5,0.9398023529411766,0.0015025450151297704,-0.9354108337800139,1,2,2
X,29.csv,5,0.9398023529411766,0.0015025450151297704,-0.5742150256241504,2,3,3
X,29.csv,5,0.9398023529411766,0.0015025450151297704,0.13627155853701484,3,4,4
X,29.csv,5,0.9398023529411766,0.0015025450151297704,0.4088146756110445,4,4,4
X,29.csv,5,0.9398023529411766,0.0015025450151297704,0.4088146756110445,4,4,4
X,29.csv,5,0.9398023529411766,0.0015025450151297704,0.4088146756110445,4,4,4
X,29.csv,5,0.9398023529411766,0.0015025450151297704,-0.4088146756110445,3,3,3
X,29.csv,5,0.9398023529411766,0.0015025450151297704,-0.4088146756110445,3,3,3
X,29.csv,6,0.990756470588235,0.0005546640867542675,-0.3320670166797725,1,3,4
X,29.csv,6,0.990756470588235,0.0005546640867542675,0.4088146756110445,4,4,4
X,29.csv,6,0.990756470588235,0.0005546640867542675,0.7396153756372561,4,5,5
X,29.csv,6,0.990756470588235,0.0005546640867542675,0.6046101337538021,6,4,4
X,29.csv,6,0.990756470588235,0.0005546640867542675,0.13627155853701484,4,4,3
X,29.csv,6,0.990756470588235,0.0005546640867542675,0.13627155853701484,4,4,3
X,29.csv,6,0.990756470588235,0.0005546640867542675,-0.4088146756110445,3,3,3
X,29.csv,6,0.990756470588235,0.0005546640867542675,-0.905015725650362,2,2,2
X,29.csv,6,0.990756470588235,0.0005546640867542675,-0.9354108337800139,2,2,1
X,29.csv,6,0.990756470588235,0.0005546640867542675,-0.905015725650362,2,2,2
X,29.csv,6,0.990756470588235,0.0005546640867542675,-0.4088146756110445,3,3,3
X,29.csv,7,0.9974085294117647,0.0005933510633925552,0.4088146756110445,4,4,4
X,29.csv,7,0.9974085294117647,0.0005933510633925552,0.770010483766908,4,5,6
X,29.csv,7,0.9974085294117647,0.0005933510633925552,0.1362715585370148,5,4,2
X,29.csv,7,0.9974085294117647,0.0005933510633925552,-0.770010483766908,1,2,3
X,29.csv,7,0.9974085294117647,0.0005933510633925552,-0.7396153756372562,2,2,3
X,29.csv,7,0.9974085294117647,0.0005933510633925552,-0.4088146756110445,3,3,3
X,29.csv,7,0.9974085294117647,0.0005933510633925552,0.4088146756110445,4,4,4
X,29.csv,7,0.9974085294117647,0.0005933510633925552,0.4088146756110445,4,4,4
X,29.csv,7,0.9974085294117647,0.0005933510633925552,0.4088146756110445,4,4,4
X,29.csv,7,0.9974085294117647,0.0005933510633925552,0.4088146756110445,4,4,4
X,29.csv,7,0.9974085294117647,0.0005933510633925552,-0.13627155853701484,4,3,3
X,29.csv,8,-0.37326176470588235,0.21390247297295242,0.30167190855012066,5,6,1
X,29.csv,8,-0.37326176470588235,0.21390247297295242,-0.905015725650362,2,2,2
X,29.csv,8,-0.37326176470588235,0.21390247297295242,-0.905015725650362,2,2,2
X,29.csv,8,-0.37326176470588235,0.21390247297295242,-0.905015725650362,2,2,2
X,29.csv,8,-0.37326176470588235,0.21390247297295242,-0.905015725650362,2,2,2
X,29.csv,8,-0.37326176470588235,0.21390247297295242,-0.905015725650362,2,2,2
X,29.csv,8,-0.37326176470588235,0.21390247297295242,-0.905015725650362,2,2,2
X,29.csv,8,-0.37326176470588235,0.21390247297295242,-0.905015725650362,2,2,2
X,29.csv,8,-0.37326176470588235,0.21390247297295242,-0.905015725650362,2,2,2
X,29.csv,8,-0.37326176470588235,0.21390247297295242,-0.905015725650362,2,2,2
X,29.csv,8,-0.37326176470588235,0.21390247297295242,-0.905015725650362,2,2,2
X,29.csv,9,0.8503641176470591,0.045918938302291885,0.4088146756110445,4,4,4
X,29.csv,9,0.8503641176470591,0.045918938302291885,-0.13627155853701484,4,3,3
X,29.csv,9,0.8503641176470591,0.045918938302291885,-0.4088146756110445,3,3,3
X,29.csv,9,0.8503641176470591,0.045918938302291885,-0.4088146756110445,3,3,3
X,29.csv,9,0.8503641176470591,0.045918938302291885,-0.5742150256241504,3,3,2
X,29.csv,9,0.8503641176470591,0.045918938302291885,-0.905015725650362,2,2,2
X,29.csv,9,0.8503641176470591,0.045918938302291885,-0.9354108337800139,2,1,2
X,29.csv,9,0.8503641176470591,0.045918938302291885,-0.7396153756372562,2,2,3
X,29.csv,9,0.8503641176470591,0.045918938302291885,0.13627155853701484,3,4,4
X,29.csv,9,0.8503641176470591,0.045918938302291885,0.7396153756372561,4,5,5
X,29.csv,9,0.8503641176470591,0.045918938302291885,0.9962010500393175,6,6,6
X,29.csv,10,0.8932341176470588,0.046547453908865145,-0.5742150256241504,2,3,3
X,29.csv,10,0.8932341176470588,0.046547453908865145,-0.4088146756110445,3,3,3
X,29.csv,10,0.8932341176470588,0.046547453908865145,-0.4088146756110445,3,3,3
X,29.csv,10,0.8932341176470588,0.046547453908865145,-0.4088146756110445,3,3,3
X,29.csv,10,0.8932341176470588,0.046547453908865145,-0.7396153756372562,3,2,2
X,29.csv,10,0.8932341176470588,0.046547453908865145,-0.905015725650362,2,2,2
X,29.csv,10,0.8932341176470588,0.046547453908865145,-0.905015725650362,2,2,2
X,29.csv,10,0.8932341176470588,0.046547453908865145,-0.770010483766908,1,2,3
X,29.csv,10,0.8932341176470588,0.046547453908865145,0.13627155853701484,3,4,4
X,29.csv,10,0.8932341176470588,0.046547453908865145,0.4088146756110445,4,4,4
X,29.csv,10,0.8932341176470588,0.046547453908865145,0.9050157256503619,5,5,5
X,29.csv,11,0.9105002941176473,0.27147437214637116,0.2712768004204688,1,5,5
X,29.csv,11,0.9105002941176473,0.27147437214637116,0.9050157256503619,5,5,5
X,29.csv,11,0.9105002941176473,0.27147437214637116,0.9050157256503619,5,5,5
X,29.csv,11,0.9105002941176473,0.27147437214637116,0.9050157256503619,5,5,5
X,29.csv,11,0.9105002941176473,0.27147437214637116,0.9050157256503619,5,5,5
X,29.csv,11,0.9105002941176473,0.27147437214637116,0.9050157256503619,5,5,5
X,29.csv,11,0.9105002941176473,0.27147437214637116,0.9962010500393175,6,6,6
X,29.csv,11,0.9105002941176473,0.27147437214637116,0.770010483766908,6,5,4
X,29.csv,11,0.9105002941176473,0.27147437214637116,0.7396153756372561,4,5,5
X,29.csv,11,0.9105002941176473,0.27147437214637116,0.9050157256503619,5,5,5
X,29.csv,11,0.9105002941176473,0.27147437214637116,0.9658059419096656,5,6,6
X,29.csv,12,0.389865,0.005971366603856026,-0.9354108337800139,1,2,2
X,29.csv,12,0.389865,0.005971366603856026,-0.4088146756110445,3,3,3
X,29.csv,12,0.389865,0.005971366603856026,-0.13627155853701484,3,3,4
X,29.csv,12,0.389865,0.005971366603856026,0.6046101337538021,6,4,4
X,29.csv,12,0.389865,0.005971366603856026,0.9050157256503619,5,5,5
X,29.csv,12,0.389865,0.005971366603856026,0.9050157256503619,5,5,5
X,29.csv,12,0.389865,0.005971366603856026,0.5742150256241503,5,4,4
X,29.csv,12,0.389865,0.005971366603856026,0.4088146756110445,4,4,4
X,29.csv,12,0.389865,0.005971366603856026,0.4088146756110445,4,4,4
X,29.csv,12,0.389865,0.005971366603856026,0.4088146756110445,4,4,4
X,29.csv,12,0.389865,0.005971366603856026,-0.4088146756110445,3,3,3
X,29.csv,13,0.9191279411764706,0.0035118109786093318,0.9658059419096656,5,6,6
X,29.csv,13,0.9191279411764706,0.0035118109786093318,0.5742150256241503,5,4,4
X,29.csv,13,0.9191279411764706,0.0035118109786093318,0.4088146756110445,4,4,4
X,29.csv,13,0.9191279411764706,0.0035118109786093318,-0.13627155853701484,4,3,3
X,29.csv,13,0.9191279411764706,0.0035118109786093318,-0.7396153756372562,3,2,2
X,29.csv,13,0.9191279411764706,0.0035118109786093318,-0.9354108337800139,2,1,2
X,29.csv,13,0.9191279411764706,0.0035118109786093318,-0.5742150256241504,2,3,3
X,29.csv,13,0.9191279411764706,0.0035118109786093318,-0.4088146756110445,3,3,3
X,29.csv,13,0.9191279411764706,0.0035118109786093318,-0.13627155853701484,3,4,3
X,29.csv,13,0.9191279411764706,0.0035118109786093318,0.4088146756110445,4,4,4
X,29.csv,13,0.9191279411764706,0.0035118109786093318,0.4088146756110445,4,4,4
X,29.csv,14,0.9973514705882354,0.0002781253669178513,-0.770010483766908,1,2,3
X,29.csv,14,0.9973514705882354,0.0002781253669178513,0.13627155853701484,3,4,4
X,29.csv,14,0.9973514705882354,0.0002781253669178513,0.4088146756110445,4,4,4
X,29.csv,14,0.9973514705882354,0.0002781253669178513,0.9354108337800138,5,6,5
X,29.csv,14,0.9973514705882354,0.0002781253669178513,0.9050157256503619,5,5,5
X,29.csv,14,0.9973514705882354,0.0002781253669178513,0.4088146756110445,4,4,4
X,29.csv,14,0.9973514705882354,0.0002781253669178513,0.4088146756110445,4,4,4
X,29.csv,14,0.9973514705882354,0.0002781253669178513,0.4088146756110445,4,4,4
X,29.csv,14,0.9973514705882354,0.0002781253669178513,0.4088146756110445,4,4,4
X,29.csv,14,0.9973514705882354,0.0002781253669178513,0.4088146756110445,4,4,4
X,29.csv,14,0.9973514705882354,0.0002781253669178513,0.4088146756110445,4,4,4
X,29.csv,15,0.7979917647058825,0.002599847812953494,0.8004055918965598,6,6,4
X,29.csv,15,0.7979917647058825,0.002599847812953494,0.4088146756110445,4,4,4
X,29.csv,15,0.7979917647058825,0.002599847812953494,0.4088146756110445,4,4,4
X,29.csv,15,0.7979917647058825,0.002599847812953494,-0.13627155853701484,4,3,3
X,29.csv,15,0.7979917647058825,0.002599847812953494,-0.4088146756110445,3,3,3
X,29.csv,15,0.7979917647058825,0.002599847812953494,-0.4088146756110445,3,3,3
X,29.csv,15,0.7979917647058825,0.002599847812953494,-0.5742150256241504,3,3,2
X,29.csv,15,0.7979917647058825,0.002599847812953494,-0.9354108337800139,2,2,1
X,29.csv,15,0.7979917647058825,0.002599847812953494,-0.905015725650362,2,2,2
X,29.csv,15,0.7979917647058825,0.002599847812953494,-0.9354108337800139,2,2,1
X,29.csv,15,0.7979917647058825,0.002599847812953494,-0.9658059419096656,1,1,2
X,29.csv,16,-0.3908314705882352,0.0032627732090724335,0.9658059419096656,6,6,5
X,29.csv,16,-0.3908314705882352,0.0032627732090724335,0.9050157256503619,5,5,5
X,29.csv,16,-0.3908314705882352,0.0032627732090724335,0.4088146756110445,4,4,4
X,29.csv,16,-0.3908314705882352,0.0032627732090724335,0.13627155853701484,4,4,3
X,29.csv,16,-0.3908314705882352,0.0032627732090724335,-0.4088146756110445,3,3,3
X,29.csv,16,-0.3908314705882352,0.0032627732090724335,-0.4088146756110445,3,3,3
X,29.csv,16,-0.3908314705882352,0.0032627732090724335,-0.905015725650362,2,2,2
X,29.csv,16,-0.3908314705882352,0.0032627732090724335,-0.9354108337800139,2,1,2
X,29.csv,16,-0.3908314705882352,0.0032627732090724335,-0.4088146756110445,3,3,3
X,29.csv,16,-0.3908314705882352,0.0032627732090724335,-0.4088146756110445,3,3,3
X,29.csv,16,-0.3908314705882352,0.0032627732090724335,-0.4088146756110445,3,3,3
X,29.csv,17,0.9553291176470587,0.002682842399228906,0.9354108337800138,6,5,5
X,29.csv,17,0.9553291176470587,0.002682842399228906,0.30167190855012066,5,4,3
X,29.csv,17,0.9553291176470587,0.002682842399228906,-0.4088146756110445,3,3,3
X,29.csv,17,0.9553291176470587,0.002682842399228906,-0.7396153756372562,3,2,2
X,29.csv,17,0.9553291176470587,0.002682842399228906,-0.9354108337800139,2,1,2
X,29.csv,17,0.9553291176470587,0.002682842399228906,-0.9354108337800139,1,2,2
X,29.csv,17,0.9553291176470587,0.002682842399228906,-0.905015725650362,2,2,2
X,29.csv,17,0.9553291176470587,0.002682842399228906,-0.5742150256241504,2,3,3
X,29.csv,17,0.9553291176470587,0.002682842399228906,-0.4088146756110445,3,3,3
X,29.csv,17,0.9553291176470587,0.002682842399228906,-0.13627155853701484,3,3,4
X,29.csv,17,0.9553291176470587,0.002682842399228906,0.4088146756110445,4,4,4
X,29.csv,18,0.9983202941176468,0.0005059788724612567,-0.770010483766908,1,2,3
X,29.csv,18,0.9983202941176468,0.0005059788724612567,-0.13627155853701484,3,3,4
X,29.csv,18,0.9983202941176468,0.0005059788724612567,0.4088146756110445,4,4,4
X,29.csv,18,0.9983202941176468,0.0005059788724612567,0.5742150256241503,4,4,5
X,29.csv,18,0.9983202941176468,0.0005059788724612567,0.9354108337800138,5,6,5
X,29.csv,18,0.9983202941176468,0.0005059788724612567,0.9050157256503619,5,5,5
X,29.csv,18,0.9983202941176468,0.0005059788724612567,0.9354108337800138,5,5,6
X,29.csv,18,0.9983202941176468,0.0005059788724612567,0.9658059419096656,6,6,5
X,29.csv,18,0.9983202941176468,0.0005059788724612567,0.9050157256503619,5,5,5
X,29.csv,18,0.9983202941176468,0.0005059788724612567,0.7396153756372561,5,5,4
X,29.csv,18,0.9983202941176468,0.0005059788724612567,0.4088146756110445,4,4,4
X,29.csv,19,0.8002549999999997,0.007809184355239524,0.770010483766908,6,5,4
X,29.csv,19,0.8002549999999997,0.007809184355239524,0.4088146756110445,4,4,4
X,29.csv,19,0.8002549999999997,0.007809184355239524,-0.4088146756110445,3,3,3
X,29.csv,19,0.8002549999999997,0.007809184355239524,-0.4088146756110445,3,3,3
X,29.csv,19,0.8002549999999997,0.007809184355239524,-0.4088146756110445,3,3,3
X,29.csv,19,0.8002549999999997,0.007809184355239524,-0.4088146756110445,3,3,3
X,29.csv,19,0.8002549999999997,0.007809184355239524,-0.4088146756110445,3,3,3
X,29.csv,19,0.8002549999999997,0.007809184355239524,-0.905015725650362,2,2,2
X,29.csv,19,0.8002549999999997,0.007809184355239524,-0.905015725650362,2,2,2
X,29.csv,19,0.8002549999999997,0.007809184355239524,-0.905015725650362,2,2,2
X,29.csv,19,0.8002549999999997,0.007809184355239524,-0.905015725650362,2,2,2
Y,29.csv,0,0.013768473529411764,0.0054658223228966915,-0.5742150256241504,3,2,3
Y,29.csv,0,0.013768473529411764,0.0054658223228966915,-0.770010483766908,3,1,2
Y,29.csv,0,0.013768473529411764,0.0054658223228966915,-0.4088146756110445,3,3,3
Y,29.csv,0,0.013768473529411764,0.0054658223228966915,-0.13627155853701484,3,3,4
Y,29.csv,0,0.013768473529411764,0.0054658223228966915,0.5742150256241503,4,4,5
Y,29.csv,0,0.013768473529411764,0.0054658223228966915,0.4088146756110445,4,4,4
Y,29.csv,0,0.013768473529411764,0.0054658223228966915,0.9354108337800138,5,5,6
Y,29.csv,0,0.013768473529411764,0.0054658223228966915,0.770010483766908,6,5,4
Y,29.csv,0,0.013768473529411764,0.0054658223228966915,0.4088146756110445,4,4,4
Y,29.csv,0,0.013768473529411764,0.0054658223228966915,0.4088146756110445,4,4,4
Y,29.csv,0,0.013768473529411764,0.0054658223228966915,0.4088146756110445,4,4,4
Y,29.csv,1,0.18180052941176475,0.058533138554274035,-0.9354108337800139,1,2,2
Y,29.csv,1,0.18180052941176475,0.058533138554274035,-0.4088146756110445,3,3,3
Y,29.csv,1,0.18180052941176475,0.058533138554274035,-0.4088146756110445,3,3,3
Y,29.csv,1,0.18180052941176475,0.058533138554274035,0.4088146756110445,4,4,4
Y,29.csv,1,0.18180052941176475,0.058533138554274035,0.4088146756110445,4,4,4
Y,29.csv,1,0.18180052941176475,0.058533138554274035,0.5742150256241503,4,4,5
Y,29.csv,1,0.18180052941176475,0.058533138554274035,0.9050157256503619,5,5,5
Y,29.csv,1,0.18180052941176475,0.058533138554274035,0.9050157256503619,5,5,5
Y,29.csv,1,0.18180052941176475,0.058533138554274035,0.9658059419096656,6,6,5
Y,29.csv,1,0.18180052941176475,0.058533138554274035,0.9658059419096656,6,6,5
Y,29.csv,1,0.18180052941176475,0.058533138554274035,0.9050157256503619,5,5,5
Y,29.csv,2,-0.24467441176470583,0.07087748459390938,0.9354108337800138,6,5,5
Y,29.csv,2,-0.24467441176470583,0.07087748459390938,0.4088146756110445,4,4,4
Y,29.csv,2,-0.24467441176470583,0.07087748459390938,0.13627155853701484,4,4,3
Y,29.csv,2,-0.24467441176470583,0.07087748459390938,-0.4088146756110445,3,3,3
Y,29.csv,2,-0.24467441176470583,0.07087748459390938,-0.4088146756110445,3,3,3
Y,29.csv,2,-0.24467441176470583,0.07087748459390938,-0.5742150256241504,3,3,2
Y,29.csv,2,-0.24467441176470583,0.07087748459390938,-0.9354108337800139,2,2,1
Y,29.csv,2,-0.24467441176470583,0.07087748459390938,-0.905015725650362,2,2,2
Y,29.csv,2,-0.24467441176470583,0.07087748459390938,-0.905015725650362,2,2,2
Y,29.csv,2,-0.24467441176470583,0.07087748459390938,-0.905015725650362,2,2,2
Y,29.csv,2,-0.24467441176470583,0.07087748459390938,-0.905015725650362,2,2,2
Y,29.csv,3,-0.13827508823529414,0.023327116593163374,0.770010483766908,6,5,4
Y,29.csv,3,-0.13827508823529414,0.023327116593163374,0.4088146756110445,4,4,4
Y,29.csv,3,-0.13827508823529414,0.023327116593163374,0.4088146756110445,4,4,4
Y,29.csv,3,-0.13827508823529414,0.023327116593163374,-0.4088146756110445,3,3,3
Y,29.csv,3,-0.13827508823529414,0.023327116593163374,-0.4088146756110445,3,3,3
Y,29.csv,3,-0.13827508823529414,0.023327116593163374,-0.7396153756372562,3,2,2
Y,29.csv,3,-0.13827508823529414,0.023327116593163374,-0.9658059419096656,1,2,1
Y,29.csv,3,-0.13827508823529414,0.023327116593163374,-0.9962010500393175,1,1,1
Y,29.csv,3,-0.13827508823529414,0.023327116593163374,-0.905015725650362,2,2,2
Y,29.csv,3,-0.13827508823529414,0.023327116593163374,-0.905015725650362,2,2,2
Y,29.csv,3,-0.13827508823529414,0.023327116593163374,-0.4088146756110445,3,3,3
Y,29.csv,4,-0.003106350588235295,0.007492983424460961,0.8004055918965598,6,6,4
Y,29.csv,4,-0.003106350588235295,0.007492983424460961,0.4088146756110445,4,4,4
Y,29.csv,4,-0.003106350588235295,0.007492983424460961,-0.4088146756110445,3,3,3
Y,29.csv,4,-0.003106350588235295,0.007492983424460961,-0.4088146756110445,3,3,3
Y,29.csv,4,-0.003106350588235295,0.007492983424460961,-0.4088146756110445,3,3,3
Y,29.csv,4,-0.003106350588235295,0.007492983424460961,-0.5742150256241504,3,3,2
Y,29.csv,4,-0.003106350588235295,0.007492983424460961,-0.905015725650362,2,2,2
Y,29.csv,4,-0.003106350588235295,0.007492983424460961,-0.9658059419096656,1,1,2
Y,29.csv,4,-0.003106350588235295,0.007492983424460961,-0.7396153756372562,2,3,2
Y,29.csv,4,-0.003106350588235295,0.007492983424460961,-0.4088146756110445,3,3,3
Y,29.csv,4,-0.003106350588235295,0.007492983424460961,-0.4088146756110445,3,3,3
Y,29.csv,5,-0.017316338235294118,0.007239231893282224,-0.4088146756110445,3,3,3
Y,29.csv,5,-0.017316338235294118,0.007239231893282224,0.4088146756110445,4,4,4
Y,29.csv,5,-0.017316338235294118,0.007239231893282224,0.4088146756110445,4,4,4
Y,29.csv,5,-0.017316338235294118,0.007239231893282224,0.4088146756110445,4,4,4
Y,29.csv,5,-0.017316338235294118,0.007239231893282224,0.4088146756110445,4,4,4
Y,29.csv,5,-0.017316338235294118,0.007239231893282224,0.7396153756372561,4,5,5
Y,29.csv,5,-0.017316338235294118,0.007239231893282224,0.9354108337800138,5,5,6
Y,29.csv,5,-0.017316338235294118,0.007239231893282224,0.9050157256503619,5,5,5
Y,29.csv,5,-0.017316338235294118,0.007239231893282224,0.7396153756372561,5,5,4
Y,29.csv,5,-0.017316338235294118,0.007239231893282224,0.4088146756110445,4,4,4
Y,29.csv,5,-0.017316338235294118,0.007239231893282224,-0.4088146756110445,3,3,3
Y,29.csv,6,-0.1213129411764706,0.0043088435253501095,-0.3320670166797725,1,3,4
Y,29.csv,6,-0.1213129411764706,0.0043088435253501095,0.4088146756110445,4,4,4
Y,29.csv,6,-0.1213129411764706,0.0043088435253501095,0.7396153756372561,4,5,5
Y,29.csv,6,-0.1213129411764706,0.0043088435253501095,0.9354108337800138,5,6,5
Y,29.csv,6,-0.1213129411764706,0.0043088435253501095,0.9050157256503619,5,5,5
Y,29.csv,6,-0.1213129411764706,0.0043088435253501095,0.7396153756372561,5,5,4
Y,29.csv,6,-0.1213129411764706,0.0043088435253501095,0.4088146756110445,4,4,4
Y,29.csv,6,-0.1213129411764706,0.0043088435253501095,0.4088146756110445,4,4,4
Y,29.csv,6,-0.1213129411764706,0.0043088435253501095,0.4088146756110445,4,4,4
Y,29.csv,6,-0.1213129411764706,0.0043088435253501095,0.4088146756110445,4,4,4
Y,29.csv,6,-0.1213129411764706,0.0043088435253501095,0.4088146756110445,4,4,4
Y,29.csv,7,0.06118017647058823,0.012158849117050965,-0.9354108337800139,2,1,2
Y,29.csv,7,0.06118017647058823,0.012158849117050965,-0.905015725650362,2,2,2
Y,29.csv,7,0.06118017647058823,0.012158849117050965,0.02912879147609097,3,3,5
Y,29.csv,7,0.06118017647058823,0.012158849117050965,0.9354108337800138,6,5,5
Y,29.csv,7,0.06118017647058823,0.012158849117050965,0.7396153756372561,5,5,4
Y,29.csv,7,0.06118017647058823,0.012158849117050965,0.4088146756110445,4,4,4
Y,29.csv,7,0.06118017647058823,0.012158849117050965,0.4088146756110445,4,4,4
Y,29.csv,7,0.06118017647058823,0.012158849117050965,0.13627155853701484,3,4,4
Y,29.csv,7,0.06118017647058823,0.012158849117050965,0.13627155853701484,4,3,4
Y,29.csv,7,0.06118017647058823,0.012158849117050965,0.4088146756110445,4,4,4
Y,29.csv,7,0.06118017647058823,0.012158849117050965,0.4088146756110445,4,4,4
Y,29.csv,8,0.006237043529411765,0.007349988090642964,0.30167190855012066,5,6,1
Y,29.csv,8,0.006237043529411765,0.007349988090642964,-0.4088146756110445,3,3,3
Y,29.csv,8,0.006237043529411765,0.007349988090642964,-0.4088146756110445,3,3,3
Y,29.csv,8,0.006237043529411765,0.007349988090642964,0.13627155853701484,3,4,4
Y,29.csv,8,0.006237043529411765,0.007349988090642964,0.4088146756110445,4,4,4
Y,29.csv,8,0.006237043529411765,0.007349988090642964,0.4088146756110445,4,4,4
Y,29.csv,8,0.006237043529411765,0.007349988090642964,0.4088146756110445,4,4,4
Y,29.csv,8,0.006237043529411765,0.007349988090642964,0.4088146756110445,4,4,4
Y,29.csv,8,0.006237043529411765,0.007349988090642964,0.4088146756110445,4,4,4
Y,29.csv,8,0.006237043529411765,0.007349988090642964,0.4088146756110445,4,4,4
Y,29.csv,8,0.006237043529411765,0.007349988090642964,-0.13627155853701484,4,3,3
Y,29.csv,9,-0.4404379411764705,0.11372584927280197,-0.4088146756110445,3,3,3
Y,29.csv,9,-0.4404379411764705,0.11372584927280197,-0.5742150256241504,3,3,2
Y,29.csv,9,-0.4404379411764705,0.11372584927280197,-0.9354108337800139,2,2,1
Y,29.csv,9,-0.4404379411764705,0.11372584927280197,-0.9354108337800139,1,2,2
Y,29.csv,9,-0.4404379411764705,0.11372584927280197,-0.905015725650362,2,2,2
Y,29.csv,9,-0.4404379411764705,0.11372584927280197,-0.905015725650362,2,2,2
Y,29.csv,9,-0.4404379411764705,0.11372584927280197,-0.905015725650362,2,2,2
Y,29.csv,9,-0.4404379411764705,0.11372584927280197,-0.4088146756110445,3,3,3
Y,29.csv,9,-0.4404379411764705,0.11372584927280197,-0.4088146756110445,3,3,3
Y,29.csv,9,-0.4404379411764705,0.11372584927280197,0.13627155853701484,3,4,4
Y,29.csv,9,-0.4404379411764705,0.11372584927280197,0.5742150256241503,4,4,5
Y,29.csv,10,-0.42973794117647063,0.12310329600355029,-0.5742150256241504,2,3,3
Y,29.csv,10,-0.42973794117647063,0.12310329600355029,-0.4088146756110445,3,3,3
Y,29.csv,10,-0.42973794117647063,0.12310329600355029,-0.4088146756110445,3,3,3
Y,29.csv,10,-0.42973794117647063,0.12310329600355029,-0.4088146756110445,3,3,3
Y,29.csv,10,-0.42973794117647063,0.12310329600355029,-0.905015725650362,2,2,2
Y,29.csv,10,-0.42973794117647063,0.12310329600355029,-0.905015725650362,2,2,2
Y,29.csv,10,-0.42973794117647063,0.12310329600355029,-0.905015725650362,2,2,2
Y,29.csv,10,-0.42973794117647063,0.12310329600355029,-0.770010483766908,1,2,3
Y,29.csv,10,-0.42973794117647063,0.12310329600355029,-0.4088146756110445,3,3,3
Y,29.csv,10,-0.42973794117647063,0.12310329600355029,0.13627155853701484,3,4,4
Y,29.csv,10,-0.42973794117647063,0.12310329600355029,0.7396153756372561,4,5,5
Y,29.csv,11,-0.08525485,0.05380160384770005,0.6046101337538021,4,4,6
Y,29.csv,11,-0.08525485,0.05380160384770005,-0.13627155853701484,4,3,3
Y,29.csv,11,-0.08525485,0.05380160384770005,-0.770010483766908,3,1,2
Y,29.csv,11,-0.08525485,0.05380160384770005,-0.4088146756110445,3,3,3
Y,29.csv,11,-0.08525485,0.05380160384770005,-0.4088146756110445,3,3,3
Y,29.csv,11,-0.08525485,0.05380160384770005,0.4088146756110445,4,4,4
Y,29.csv,11,-0.08525485,0.05380160384770005,0.13627155853701484,4,4,3
Y,29.csv,11,-0.08525485,0.05380160384770005,-0.13627155853701484,3,3,4
Y,29.csv,11,-0.08525485,0.05380160384770005,0.13627155853701484,3,4,4
Y,29.csv,11,-0.08525485,0.05380160384770005,0.4088146756110445,4,4,4
Y,29.csv,11,-0.08525485,0.05380160384770005,0.4088146756110445,4,4,4
Y,29.csv,12,8.586323529411783e-12,4.87899991571484e-10,0.9354108337800138,5,6,5
Y,29.csv,12,8.586323529411783e-12,4.87899991571484e-10,0.4088146756110445,4,4,4
Y,29.csv,12,8.586323529411783e-12,4.87899991571484e-10,0.4088146756110445,4,4,4
Y,29.csv,12,8.586323529411783e-12,4.87899991571484e-10,-0.3320670166797725,1,4,3
Y,29.csv,12,8.586323529411783e-12,4.87899991571484e-10,-0.4088146756110445,3,3,3
Y,29.csv,12,8.586323529411783e-12,4.87899991571484e-10,-0.4088146756110445,3,3,3
Y,29.csv,12,8.586323529411783e-12,4.87899991571484e-10,-0.4088146756110445,3,3,3
Y,29.csv,12,8.586323529411783e-12,4.87899991571484e-10,-0.13627155853701484,3,3,4
Y,29.csv,12,8.586323529411783e-12,4.87899991571484e-10,-0.13627155853701484,3,4,3
Y,29.csv,12,8.586323529411783e-12,4.87899991571484e-10,-0.4088146756110445,3,3,3
Y,29.csv,12,8.586323529411783e-12,4.87899991571484e-10,-0.4088146756110445,3,3,3
Y,29.csv,13,0.10744520588235294,0.0054944198793461015,-0.9354108337800139,2,1,2
Y,29.csv,13,0.10744520588235294,0.0054944198793461015,-0.5742150256241504,2,3,3
Y,29.csv,13,0.10744520588235294,0.0054944198793461015,-0.4088146756110445,3,3,3
Y,29.csv,13,0.10744520588235294,0.0054944198793461015,0.13627155853701484,3,4,4
Y,29.csv,13,0.10744520588235294,0.0054944198793461015,0.4088146756110445,4,4,4
Y,29.csv,13,0.10744520588235294,0.0054944198793461015,0.4088146756110445,4,4,4
Y,29.csv,13,0.10744520588235294,0.0054944198793461015,0.4088146756110445,4,4,4
Y,29.csv,13,0.10744520588235294,0.0054944198793461015,0.4088146756110445,4,4,4
Y,29.csv,13,0.10744520588235294,0.0054944198793461015,0.4088146756110445,4,4,4
Y,29.csv,13,0.10744520588235294,0.0054944198793461015,0.9050157256503619,5,5,5
Y,29.csv,13,0.10744520588235294,0.0054944198793461015,0.9354108337800138,6,5,5
Y,29.csv,14,0.04966420588235295,0.009954441449687651,-0.9354108337800139,1,2,2
Y,29.csv,14,0.04966420588235295,0.009954441449687651,-0.4088146756110445,3,3,3
Y,29.csv,14,0.04966420588235295,0.009954441449687651,-0.13627155853701484,3,3,4
Y,29.csv,14,0.04966420588235295,0.009954441449687651,0.4088146756110445,4,4,4
Y,29.csv,14,0.04966420588235295,0.009954441449687651,0.4088146756110445,4,4,4
Y,29.csv,14,0.04966420588235295,0.009954441449687651,0.9050157256503619,5,5,5
Y,29.csv,14,0.04966420588235295,0.009954441449687651,0.9050157256503619,5,5,5
Y,29.csv,14,0.04966420588235295,0.009954441449687651,0.9354108337800138,6,5,5
Y,29.csv,14,0.04966420588235295,0.009954441449687651,0.5742150256241503,5,4,4
Y,29.csv,14,0.04966420588235295,0.009954441449687651,0.4088146756110445,4,4,4
Y,29.csv,14,0.04966420588235295,0.009954441449687651,0.4088146756110445,4,4,4
Y,29.csv,15,-0.6017029411764705,0.0036503992766398516,0.770010483766908,6,5,4
Y,29.csv,15,-0.6017029411764705,0.0036503992766398516,0.4088146756110445,4,4,4
Y,29.csv,15,-0.6017029411764705,0.0036503992766398516,0.4088146756110445,4,4,4
Y,29.csv,15,-0.6017029411764705,0.0036503992766398516,-0.13627155853701484,4,3,3
Y,29.csv,15,-0.6017029411764705,0.0036503992766398516,-0.4088146756110445,3,3,3
Y,29.csv,15,-0.6017029411764705,0.0036503992766398516,-0.4088146756110445,3,3,3
Y,29.csv,15,-0.6017029411764705,0.0036503992766398516,-0.7396153756372562,3,2,2
Y,29.csv,15,-0.6017029411764705,0.0036503992766398516,-0.9354108337800139,2,2,1
Y,29.csv,15,-0.6017029411764705,0.0036503992766398516,-0.905015725650362,2,2,2
Y,29.csv,15,-0.6017029411764705,0.0036503992766398516,-0.905015725650362,2,2,2
Y,29.csv,15,-0.6017029411764705,0.0036503992766398516,-0.9354108337800139,1,2,2
Y,29.csv,16,6.113566764705881e-11,1.9985133375484643e-10,-0.4088146756110445,3,3,3
Y,29.csv,16,6.113566764705881e-11,1.9985133375484643e-10,-0.4088146756110445,3,3,3
Y,29.csv,16,6.113566764705881e-11,1.9985133375484643e-10,-0.4088146756110445,3,3,3
Y,29.csv,16,6.113566764705881e-11,1.9985133375484643e-10,-0.13627155853701484,3,1,6
Y,29.csv,16,6.113566764705881e-11,1.9985133375484643e-10,0.5742150256241503,4,4,5
Y,29.csv,16,6.113566764705881e-11,1.9985133375484643e-10,0.5742150256241503,4,4,5
Y,29.csv,16,6.113566764705881e-11,1.9985133375484643e-10,0.13627155853701484,4,3,4
Y,29.csv,16,6.113566764705881e-11,1.9985133375484643e-10,-0.4088146756110445,3,3,3
Y,29.csv,16,6.113566764705881e-11,1.9985133375484643e-10,-0.4088146756110445,3,3,3
Y,29.csv,16,6.113566764705881e-11,1.9985133375484643e-10,-0.13627155853701484,3,3,4
Y,29.csv,16,6.113566764705881e-11,1.9985133375484643e-10,-0.13627155853701484,4,3,3
Y,29.csv,17,0.0963703823529412,0.02535966455986948,-0.770010483766908,1,2,3
Y,29.csv,17,0.0963703823529412,0.02535966455986948,0.13627155853701484,3,4,4
Y,29.csv,17,0.0963703823529412,0.02535966455986948,0.4088146756110445,4,4,4
Y,29.csv,17,0.0963703823529412,0.02535966455986948,0.4088146756110445,4,4,4
Y,29.csv,17,0.0963703823529412,0.02535966455986948,0.9050157256503619,5,5,5
Y,29.csv,17,0.0963703823529412,0.02535966455986948,0.9658059419096656,5,6,6
Y,29.csv,17,0.0963703823529412,0.02535966455986948,0.9354108337800138,6,5,5
Y,29.csv,17,0.0963703823529412,0.02535966455986948,0.9050157256503619,5,5,5
Y,29.csv,17,0.0963703823529412,0.02535966455986948,0.5742150256241503,5,4,4
Y,29.csv,17,0.0963703823529412,0.02535966455986948,0.4088146756110445,4,4,4
Y,29.csv,17,0.0963703823529412,0.02535966455986948,0.4088146756110445,4,4,4
Y,29.csv,18,0.04628423529411765,0.005129627890751713,0.6046101337538021,6,4,4
Y,29.csv,18,0.04628423529411765,0.005129627890751713,0.13627155853701484,4,4,3
Y,29.csv,18,0.04628423529411765,0.005129627890751713,-0.4088146756110445,3,3,3
Y,29.csv,18,0.04628423529411765,0.005129627890751713,-0.4088146756110445,3,3,3
Y,29.csv,18,0.04628423529411765,0.005129627890751713,-0.7396153756372562,3,2,2
Y,29.csv,18,0.04628423529411765,0.005129627890751713,-0.7396153756372562,2,3,2
Y,29.csv,18,0.04628423529411765,0.005129627890751713,-0.905015725650362,2,2,2
Y,29.csv,18,0.04628423529411765,0.005129627890751713,-0.9354108337800139,2,2,1
Y,29.csv,18,0.04628423529411765,0.005129627890751713,-0.9658059419096656,1,2,1
Y,29.csv,18,0.04628423529411765,0.005129627890751713,-0.7396153756372562,2,2,3
Y,29.csv,18,0.04628423529411765,0.005129627890751713,0.4088146756110445,4,4,4
Y,29.csv,19,-0.5937976470588237,0.011519532276765096,0.770010483766908,6,5,4
Y,29.csv,19,-0.5937976470588237,0.011519532276765096,0.4088146756110445,4,4,4
Y,29.csv,19,-0.5937976470588237,0.011519532276765096,-0.4088146756110445,3,3,3
Y,29.csv,19,-0.5937976470588237,0.011519532276765096,-0.4088146756110445,3,3,3
Y,29.csv,19,-0.5937976470588237,0.011519532276765096,-0.4088146756110445,3,3,3
Y,29.csv,19,-0.5937976470588237,0.011519532276765096,-0.4088146756110445,3,3,3
Y,29.csv,19,-0.5937976470588237,0.011519532276765096,-0.5742150256241504,3,3,2
Y,29.csv,19,-0.5937976470588237,0.011519532276765096,-0.905015725650362,2,2,2
Y,29.csv,19,-0.5937976470588237,0.011519532276765096,-0.905015725650362,2,2,2
Y,29.csv,19,-0.5937976470588237,0.011519532276765096,-0.905015725650362,2,2,2
Y,29.csv,19,-0.5937976470588237,0.011519532276765096,-0.905015725650362,2,2,2
W,29.csv,0,0.04980044117647059,0.011564276626473384,-0.770010483766908,1,2,3
W,29.csv,0,0.04980044117647059,0.011564276626473384,0.13627155853701484,3,4,4
W,29.csv,0,0.04980044117647059,0.011564276626473384,0.4088146756110445,4,4,4
W,29.csv,0,0.04980044117647059,0.011564276626473384,0.7396153756372561,4,5,5
W,29.csv,0,0.04980044117647059,0.011564276626473384,0.9354108337800138,5,5,6
W,29.csv,0,0.04980044117647059,0.011564276626473384,0.9050157256503619,5,5,5
W,29.csv,0,0.04980044117647059,0.011564276626473384,0.7396153756372561,5,5,4
W,29.csv,0,0.04980044117647059,0.011564276626473384,0.4088146756110445,4,4,4
W,29.csv,0,0.04980044117647059,0.011564276626473384,0.4088146756110445,4,4,4
W,29.csv,0,0.04980044117647059,0.011564276626473384,0.4088146756110445,4,4,4
W,29.csv,0,0.04980044117647059,0.011564276626473384,0.4088146756110445,4,4,4
W,29.csv,1,-0.003853208823529412,0.006982259577477415,0.770010483766908,5,6,4
W,29.csv,1,-0.003853208823529412,0.006982259577477415,-0.13627155853701484,4,3,3
W,29.csv,1,-0.003853208823529412,0.006982259577477415,-0.905015725650362,2,2,2
W,29.csv,1,-0.003853208823529412,0.006982259577477415,-0.9354108337800139,1,2,2
W,29.csv,1,-0.003853208823529412,0.006982259577477415,-0.4088146756110445,3,3,3
W,29.csv,1,-0.003853208823529412,0.006982259577477415,-0.4088146756110445,3,3,3
W,29.csv,1,-0.003853208823529412,0.006982259577477415,-0.4088146756110445,3,3,3
W,29.csv,1,-0.003853208823529412,0.006982259577477415,-0.4088146756110445,3,3,3
W,29.csv,1,-0.003853208823529412,0.006982259577477415,-0.4088146756110445,3,3,3
W,29.csv,1,-0.003853208823529412,0.006982259577477415,-0.4088146756110445,3,3,3
W,29.csv,1,-0.003853208823529412,0.006982259577477415,-0.4088146756110445,3,3,3
W,29.csv,2,0.001070798911764706,0.002458172444303292,-0.7396153756372562,2,2,3
W,29.csv,2,0.001070798911764706,0.002458172444303292,0.13627155853701484,3,4,4
W,29.csv,2,0.001070798911764706,0.002458172444303292,0.770010483766908,4,6,5
W,29.csv,2,0.001070798911764706,0.002458172444303292,0.5742150256241503,5,4,4
W,29.csv,2,0.001070798911764706,0.002458172444303292,0.4088146756110445,4,4,4
W,29.csv,2,0.001070798911764706,0.002458172444303292,0.13627155853701484,4,4,3
W,29.csv,2,0.001070798911764706,0.002458172444303292,-0.5742150256241504,3,3,2
W,29.csv,2,0.001070798911764706,0.002458172444303292,-0.4088146756110445,3,3,3
W,29.csv,2,0.001070798911764706,0.002458172444303292,-0.4088146756110445,3,3,3
W,29.csv,2,0.001070798911764706,0.002458172444303292,-0.4088146756110445,3,3,3
W,29.csv,2,0.001070798911764706,0.002458172444303292,-0.905015725650362,2,2,2
W,29.csv,3,0.04270069117647059,0.02439929360508773,-0.770010483766908,1,2,3
W,29.csv,3,0.04270069117647059,0.02439929360508773,-0.4088146756110445,3,3,3
W,29.csv,3,0.04270069117647059,0.02439929360508773,0.4088146756110445,4,4,4
W,29.csv,3,0.04270069117647059,0.02439929360508773,0.4088146756110445,4,4,4
W,29.csv,3,0.04270069117647059,0.02439929360508773,0.7396153756372561,4,5,5
W,29.csv,3,0.04270069117647059,0.02439929360508773,0.9354108337800138,5,6,5
W,29.csv,3,0.04270069117647059,0.02439929360508773,0.9050157256503619,5,5,5
W,29.csv,3,0.04270069117647059,0.02439929360508773,0.9050157256503619,5,5,5
W,29.csv,3,0.04270069117647059,0.02439929360508773,0.5742150256241503,5,4,4
W,29.csv,3,0.04270069117647059,0.02439929360508773,0.4088146756110445,4,4,4
W,29.csv,3,0.04270069117647059,0.02439929360508773,0.4088146756110445,4,4,4
W,29.csv,4,0.9046879411764709,0.0015794857305497867,-0.770010483766908,1,2,3
W,29.csv,4,0.9046879411764709,0.0015794857305497867,-0.4088146756110445,3,3,3
W,29.csv,4,0.9046879411764709,0.0015794857305497867,-0.4088146756110445,3,3,3
W,29.csv,4,0.9046879411764709,0.0015794857305497867,0.4088146756110445,4,4,4
W,29.csv,4,0.9046879411764709,0.0015794857305497867,0.4088146756110445,4,4,4
W,29.csv,4,0.9046879411764709,0.0015794857305497867,0.4088146756110445,4,4,4
W,29.csv,4,0.9046879411764709,0.0015794857305497867,0.9354108337800138,5,5,6
W,29.csv,4,0.9046879411764709,0.0015794857305497867,0.770010483766908,6,5,4
W,29.csv,4,0.9046879411764709,0.0015794857305497867,0.4088146756110445,4,4,4
W,29.csv,4,0.9046879411764709,0.0015794857305497867,0.4088146756110445,4,4,4
W,29.csv,4,0.9046879411764709,0.0015794857305497867,-0.13627155853701484,4,3,3
W,29.csv,5,0.3405823529411765,0.00410756121920906,-0.770010483766908,2,1,3
W,29.csv,5,0.3405823529411765,0.00410756121920906,-0.13627155853701484,3,3,4
W,29.csv,5,0.3405823529411765,0.00410756121920906,0.5742150256241503,4,4,5
W,29.csv,5,0.3405823529411765,0.00410756121920906,0.9354108337800138,6,5,5
W,29.csv,5,0.3405823529411765,0.00410756121920906,0.5742150256241503,5,4,4
W,29.csv,5,0.3405823529411765,0.00410756121920906,-0.13627155853701484,4,3,3
W,29.csv,5,0.3405823529411765,0.00410756121920906,-0.4088146756110445,3,3,3
W,29.csv,5,0.3405823529411765,0.00410756121920906,-0.4088146756110445,3,3,3
W,29.csv,5,0.3405823529411765,0.00410756121920906,-0.4088146756110445,3,3,3
W,29.csv,5,0.3405823529411765,0.00410756121920906,0.4088146756110445,4,4,4
W,29.csv,5,0.3405823529411765,0.00410756121920906,0.4088146756110445,4,4,4
W,29.csv,6,0.059188558823529414,0.010456352721983884,-0.770010483766908,1,2,3
W,29.csv,6,0.059188558823529414,0.010456352721983884,-0.4088146756110445,3,3,3
W,29.csv,6,0.059188558823529414,0.010456352721983884,0.13627155853701484,3,4,4
W,29.csv,6,0.059188558823529414,0.010456352721983884,0.4088146756110445,4,4,4
W,29.csv,6,0.059188558823529414,0.010456352721983884,0.5742150256241503,4,4,5
W,29.csv,6,0.059188558823529414,0.010456352721983884,0.5742150256241503,4,4,5
W,29.csv,6,0.059188558823529414,0.010456352721983884,0.9050157256503619,5,5,5
W,29.csv,6,0.059188558823529414,0.010456352721983884,0.9658059419096656,5,6,6
W,29.csv,6,0.059188558823529414,0.010456352721983884,0.9050157256503619,5,5,5
W,29.csv,6,0.059188558823529414,0.010456352721983884,0.4088146756110445,4,4,4
W,29.csv,6,0.059188558823529414,0.010456352721983884,0.4088146756110445,4,4,4
W,29.csv,7,0.034808500000000006,0.00819088914318112,0.9354108337800138,6,5,5
W,29.csv,7,0.034808500000000006,0.00819088914318112,0.4088146756110445,4,4,4
W,29.csv,7,0.034808500000000006,0.00819088914318112,-0.4088146756110445,3,3,3
W,29.csv,7,0.034808500000000006,0.00819088914318112,-0.4088146756110445,3,3,3
W,29.csv,7,0.034808500000000006,0.00819088914318112,-0.4088146756110445,3,3,3
W,29.csv,7,0.034808500000000006,0.00819088914318112,-0.4088146756110445,3,3,3
W,29.csv,7,0.034808500000000006,0.00819088914318112,-0.4088146756110445,3,3,3
W,29.csv,7,0.034808500000000006,0.00819088914318112,-0.770010483766908,1,3,2
W,29.csv,7,0.034808500000000006,0.00819088914318112,-0.7396153756372562,2,2,3
W,29.csv,7,0.034808500000000006,0.00819088914318112,-0.4088146756110445,3,3,3
W,29.csv,7,0.034808500000000006,0.00819088914318112,-0.4088146756110445,3,3,3
W,29.csv,8,0.7993891176470587,0.4188363932749569,-0.3320670166797725,1,2,5
W,29.csv,8,0.7993891176470587,0.4188363932749569,0.9658059419096656,5,6,6
W,29.csv,8,0.7993891176470587,0.4188363932749569,0.9962010500393175,6,6,6
W,29.csv,8,0.7993891176470587,0.4188363932749569,0.9962010500393175,6,6,6
W,29.csv,8,0.7993891176470587,0.4188363932749569,0.9962010500393175,6,6,6
W,29.csv,8,0.7993891176470587,0.4188363932749569,0.9962010500393175,6,6,6
W,29.csv,8,0.7993891176470587,0.4188363932749569,0.9354108337800138,6,5,5
W,29.csv,8,0.7993891176470587,0.4188363932749569,0.9050157256503619,5,5,5
W,29.csv,8,0.7993891176470587,0.4188363932749569,0.9050157256503619,5,5,5
W,29.csv,8,0.7993891176470587,0.4188363932749569,0.9050157256503619,5,5,5
W,29.csv,8,0.7993891176470587,0.4188363932749569,0.9050157256503619,5,5,5
W,29.csv,9,-0.15572008823529412,0.08251497194426477,-0.13627155853701484,3,3,4
W,29.csv,9,-0.15572008823529412,0.08251497194426477,0.4088146756110445,4,4,4
W,29.csv,9,-0.15572008823529412,0.08251497194426477,0.7396153756372561,4,5,5
W,29.csv,9,-0.15572008823529412,0.08251497194426477,0.9050157256503619,5,5,5
W,29.csv,9,-0.15572008823529412,0.08251497194426477,0.9050157256503619,5,5,5
W,29.csv,9,-0.15572008823529412,0.08251497194426477,0.9354108337800138,5,6,5
W,29.csv,9,-0.15572008823529412,0.08251497194426477,0.5742150256241503,5,4,4
W,29.csv,9,-0.15572008823529412,0.08251497194426477,0.4088146756110445,4,4,4
W,29.csv,9,-0.15572008823529412,0.08251497194426477,0.4088146756110445,4,4,4
W,29.csv,9,-0.15572008823529412,0.08251497194426477,-0.13627155853701484,4,3,3
W,29.csv,9,-0.15572008823529412,0.08251497194426477,-0.5742150256241504,3,3,2
W,29.csv,10,-0.004760548576764706,0.010709809762769742,0.9658059419096656,6,6,5
W,29.csv,10,-0.004760548576764706,0.010709809762769742,0.9050157256503619,5,5,5
W,29.csv,10,-0.004760548576764706,0.010709809762769742,0.9050157256503619,5,5,5
W,29.csv,10,-0.004760548576764706,0.010709809762769742,0.9050157256503619,5,5,5
W,29.csv,10,-0.004760548576764706,0.010709809762769742,0.9050157256503619,5,5,5
W,29.csv,10,-0.004760548576764706,0.010709809762769742,0.9050157256503619,5,5,5
W,29.csv,10,-0.004760548576764706,0.010709809762769742,0.9050157256503619,5,5,5
W,29.csv,10,-0.004760548576764706,0.010709809762769742,0.9050157256503619,5,5,5
W,29.csv,10,-0.004760548576764706,0.010709809762769742,0.9050157256503619,5,5,5
W,29.csv,10,-0.004760548576764706,0.010709809762769742,-0.16666666666666669,5,3,1
W,29.csv,10,-0.004760548576764706,0.010709809762769742,-0.5742150256241504,2,3,3
W,29.csv,11,0.05931943235294118,0.2844868123609772,-0.13627155853701484,6,1,3
W,29.csv,11,0.05931943235294118,0.2844868123609772,-0.4088146756110445,3,3,3
W,29.csv,11,0.05931943235294118,0.2844868123609772,-0.4088146756110445,3,3,3
W,29.csv,11,0.05931943235294118,0.2844868123609772,-0.4088146756110445,3,3,3
W,29.csv,11,0.05931943235294118,0.2844868123609772,-0.4088146756110445,3,3,3
W,29.csv,11,0.05931943235294118,0.2844868123609772,-0.4088146756110445,3,3,3
W,29.csv,11,0.05931943235294118,0.2844868123609772,-0.4088146756110445,3,3,3
W,29.csv,11,0.05931943235294118,0.2844868123609772,0.13627155853701484,3,4,4
W,29.csv,11,0.05931943235294118,0.2844868123609772,0.5742150256241503,5,4,4
W,29.csv,11,0.05931943235294118,0.2844868123609772,0.13627155853701484,4,4,3
W,29.csv,11,0.05931943235294118,0.2844868123609772,-0.4088146756110445,3,3,3
W,29.csv,12,0.9208494117647058,0.002516480900894636,0.9354108337800138,6,5,5
W,29.csv,12,0.9208494117647058,0.002516480900894636,0.4088146756110445,4,4,4
W,29.csv,12,0.9208494117647058,0.002516480900894636,0.13627155853701484,4,4,3
W,29.csv,12,0.9208494117647058,0.002516480900894636,-0.6046101337538021,1,3,3
W,29.csv,12,0.9208494117647058,0.002516480900894636,-0.905015725650362,2,2,2
W,29.csv,12,0.9208494117647058,0.002516480900894636,-0.905015725650362,2,2,2
W,29.csv,12,0.9208494117647058,0.002516480900894636,-0.5742150256241504,2,3,3
W,29.csv,12,0.9208494117647058,0.002516480900894636,-0.4088146756110445,3,3,3
W,29.csv,12,0.9208494117647058,0.002516480900894636,-0.4088146756110445,3,3,3
W,29.csv,12,0.9208494117647058,0.002516480900894636,-0.4088146756110445,3,3,3
W,29.csv,12,0.9208494117647058,0.002516480900894636,0.4088146756110445,4,4,4
W,29.csv,13,0.3758541176470589,0.007525921134807064,-0.9354108337800139,2,2,1
W,29.csv,13,0.3758541176470589,0.007525921134807064,-0.5742150256241504,2,3,3
W,29.csv,13,0.3758541176470589,0.007525921134807064,-0.4088146756110445,3,3,3
W,29.csv,13,0.3758541176470589,0.007525921134807064,0.13627155853701484,3,4,4
W,29.csv,13,0.3758541176470589,0.007525921134807064,0.7396153756372561,4,5,5
W,29.csv,13,0.3758541176470589,0.007525921134807064,0.9354108337800138,5,6,5
W,29.csv,13,0.3758541176470589,0.007525921134807064,0.5742150256241503,5,4,4
W,29.csv,13,0.3758541176470589,0.007525921134807064,0.4088146756110445,4,4,4
W,29.csv,13,0.3758541176470589,0.007525921134807064,-0.4088146756110445,3,3,3
W,29.csv,13,0.3758541176470589,0.007525921134807064,-0.4088146756110445,3,3,3
W,29.csv,13,0.3758541176470589,0.007525921134807064,-0.4088146756110445,3,3,3
W,29.csv,14,0.05099917647058823,0.010848007823262482,0.9354108337800138,6,5,5
W,29.csv,14,0.05099917647058823,0.010848007823262482,0.4088146756110445,4,4,4
W,29.csv,14,0.05099917647058823,0.010848007823262482,-0.4088146756110445,3,3,3
W,29.csv,14,0.05099917647058823,0.010848007823262482,-0.4088146756110445,3,3,3
W,29.csv,14,0.05099917647058823,0.010848007823262482,-0.905015725650362,2,2,2
W,29.csv,14,0.05099917647058823,0.010848007823262482,-0.9658059419096656,1,1,2
W,29.csv,14,0.05099917647058823,0.010848007823262482,-0.905015725650362,2,2,2
W,29.csv,14,0.05099917647058823,0.010848007823262482,-0.4088146756110445,3,3,3
W,29.csv,14,0.05099917647058823,0.010848007823262482,-0.4088146756110445,3,3,3
W,29.csv,14,0.05099917647058823,0.010848007823262482,-0.4088146756110445,3,3,3
W,29.csv,14,0.05099917647058823,0.010848007823262482,-0.4088146756110445,3,3,3
W,29.csv,15,-0.026766676470588238,0.003612694128474891,0.13627155853701484,4,4,3
W,29.csv,15,-0.026766676470588238,0.003612694128474891,-0.770010483766908,3,2,1
W,29.csv,15,-0.026766676470588238,0.003612694128474891,-0.905015725650362,2,2,2
W,29.csv,15,-0.026766676470588238,0.003612694128474891,-0.4088146756110445,3,3,3
W,29.csv,15,-0.026766676470588238,0.003612694128474891,0.4088146756110445,4,4,4
W,29.csv,15,-0.026766676470588238,0.003612694128474891,0.7396153756372561,4,5,5
W,29.csv,15,-0.026766676470588238,0.003612694128474891,0.9962010500393175,6,6,6
W,29.csv,15,-0.026766676470588238,0.003612694128474891,0.9354108337800138,6,5,5
W,29.csv,15,-0.026766676470588238,0.003612694128474891,0.4088146756110445,4,4,4
W,29.csv,15,-0.026766676470588238,0.003612694128474891,0.4088146756110445,4,4,4
W,29.csv,15,-0.026766676470588238,0.003612694128474891,0.4088146756110445,4,4,4
W,29.csv,16,0.920455,0.0013818194527506046,0.9354108337800138,5,6,5
W,29.csv,16,0.920455,0.0013818194527506046,0.9050157256503619,5,5,5
W,29.csv,16,0.920455,0.0013818194527506046,0.4088146756110445,4,4,4
W,29.csv,16,0.920455,0.0013818194527506046,0.13627155853701484,4,4,3
W,29.csv,16,0.920455,0.0013818194527506046,-0.4088146756110445,3,3,3
W,29.csv,16,0.920455,0.0013818194527506046,-0.4088146756110445,3,3,3
W,29.csv,16,0.920455,0.0013818194527506046,-0.905015725650362,2,2,2
W,29.csv,16,0.920455,0.0013818194527506046,-0.9354108337800139,2,1,2
W,29.csv,16,0.920455,0.0013818194527506046,-0.4088146756110445,3,3,3
W,29.csv,16,0.920455,0.0013818194527506046,-0.4088146756110445,3,3,3
W,29.csv,16,0.920455,0.0013818194527506046,-0.4088146756110445,3,3,3
W,29.csv,17,-0.2719088235294118,0.003996361407364188,-0.770010483766908,2,1,3
W,29.csv,17,-0.2719088235294118,0.003996361407364188,-0.4088146756110445,3,3,3
W,29.csv,17,-0.2719088235294118,0.003996361407364188,-0.4088146756110445,3,3,3
W,29.csv,17,-0.2719088235294118,0.003996361407364188,-0.4088146756110445,3,3,3
W,29.csv,17,-0.2719088235294118,0.003996361407364188,-0.4088146756110445,3,3,3
W,29.csv,17,-0.2719088235294118,0.003996361407364188,-0.4088146756110445,3,3,3
W,29.csv,17,-0.2719088235294118,0.003996361407364188,0.13627155853701484,3,4,4
W,29.csv,17,-0.2719088235294118,0.003996361407364188,0.4088146756110445,4,4,4
W,29.csv,17,-0.2719088235294118,0.003996361407364188,0.4088146756110445,4,4,4
W,29.csv,17,-0.2719088235294118,0.003996361407364188,0.6046101337538021,4,4,6
W,29.csv,17,-0.2719088235294118,0.003996361407364188,0.770010483766908,5,6,4
W,29.csv,18,0.03365470588235294,0.007194024307508575,0.770010483766908,6,5,4
W,29.csv,18,0.03365470588235294,0.007194024307508575,0.4088146756110445,4,4,4
W,29.csv,18,0.03365470588235294,0.007194024307508575,-0.4088146756110445,3,3,3
W,29.csv,18,0.03365470588235294,0.007194024307508575,-0.5742150256241504,3,3,2
W,29.csv,18,0.03365470588235294,0.007194024307508575,-0.770010483766908,3,1,2
W,29.csv,18,0.03365470588235294,0.007194024307508575,-0.905015725650362,2,2,2
W,29.csv,18,0.03365470588235294,0.007194024307508575,-0.905015725650362,2,2,2
W,29.csv,18,0.03365470588235294,0.007194024307508575,-0.905015725650362,2,2,2
W,29.csv,18,0.03365470588235294,0.007194024307508575,-0.7396153756372562,2,2,3
W,29.csv,18,0.03365470588235294,0.007194024307508575,-0.4088146756110445,3,3,3
W,29.csv,18,0.03365470588235294,0.007194024307508575,-0.4088146756110445,3,3,3
W,29.csv,19,-0.06615979411764708,0.005561698004468292,-0.4088146756110445,3,3,3
W,29.csv,19,-0.06615979411764708,0.005561698004468292,-0.770010483766908,1,2,3
W,29.csv,19,-0.06615979411764708,0.005561698004468292,-0.4088146756110445,3,3,3
W,29.csv,19,-0.06615979411764708,0.005561698004468292,0.13627155853701484,3,4,4
W,29.csv,19,-0.06615979411764708,0.005561698004468292,0.4088146756110445,4,4,4
W,29.csv,19,-0.06615979411764708,0.005561698004468292,0.5742150256241503,4,4,5
W,29.csv,19,-0.06615979411764708,0.005561698004468292,0.9354108337800138,5,5,6
W,29.csv,19,-0.06615979411764708,0.005561698004468292,0.9354108337800138,6,5,5
W,29.csv,19,-0.06615979411764708,0.005561698004468292,0.9050157256503619,5,5,5
W,29.csv,19,-0.06615979411764708,0.005561698004468292,0.7396153756372561,5,5,4
W,29.csv,19,-0.06615979411764708,0.005561698004468292,0.4088146756110445,4,4,4
